[
    {
        "id": 1629141342021423105,
        "date": "2023-02-24 15:28:58+00:00",
        "content": "@piersmorgan @ManUtd Cristino Ronaldo was not the problem Mr",
        "username": "KhendrickNeddy",
        "likes": 0,
        "retweets": 0
    },
    {
        "id": 1621650122772824064,
        "date": "2023-02-03 23:21:32+00:00",
        "content": "Papi CR7 #SIUUU 🇵🇹 \nYa no quiero más viaje 🧳 en Cristino Ronaldo - CR7 https://t.co/ct4qt4a6W6",
        "username": "marquinho0605",
        "likes": 0,
        "retweets": 0
    },
    {
        "id": 1608714738091036674,
        "date": "2022-12-30 06:40:56+00:00",
        "content": "Cristino Ronaldo 💪🏼🇵🇹\n✨Sol en Acuario ♒️ \n✨AC #Capricornio ♑️\n✨Luna en #leo ♌️ https://t.co/HJ3oaumjmq",
        "username": "Astrobyandrea",
        "likes": 0,
        "retweets": 0
    },
    {
        "id": 1604856238768263168,
        "date": "2022-12-19 15:08:38+00:00",
        "content": "No sigue estando abajo de Pelé , Maradona, Cristino Ronaldo y después Messi",
        "username": "jcanzures1",
        "likes": 0,
        "retweets": 0
    },
    {
        "id": 1601618066642587650,
        "date": "2022-12-10 16:41:18+00:00",
        "content": "@EnmanuelRM_ Lo primero! El no se llama Pele, ni Cristino Ronaldo, el es el mejor, pero para la prensa bien pagada, que casualidad que no a enfrentado una selección top! En este mundial, La FIFA lo hizo de nuevo, tenemos planta y números ✅🤡😡 corruptos FIFA, @FIFAWorldCup",
        "username": "JuniorBryant013",
        "likes": 0,
        "retweets": 0
    },
    {
        "id": 1588332859659784192,
        "date": "2022-11-04 00:50:38+00:00",
        "content": "@AdriRM33 El hijo más pequeño de Cristino Ronaldo! Jajajjajja",
        "username": "JuniorBryant013",
        "likes": 0,
        "retweets": 0
    },
    {
        "id": 1561329206797242368,
        "date": "2022-08-21 12:27:45+00:00",
        "content": "@dayg_pablo @KemiOlunloyo Na cruise woman. I have up after her ronaldo story.  Talmbout,  I met 'cristino Ronaldo and he came to introduce himself'.  Baba nla zobo",
        "username": "Mikaeldejan_",
        "likes": 0,
        "retweets": 0
    },
    {
        "id": 1508811083657752586,
        "date": "2022-03-29 14:19:29+00:00",
        "content": "Si Cristino Ronaldo va al mundial, se le hará justicia al fútbol.\nSi Macedonia del Norte va al mundial, se le hará justicia al fútbol.",
        "username": "BryanToriz1",
        "likes": 1,
        "retweets": 0
    },
    {
        "id": 1464438143847911429,
        "date": "2021-11-27 03:37:16+00:00",
        "content": "To think of a World Cup without Cristino Ronaldo is nuts! But also, no Italy for two World Cups in a row is unthinkable. Turkey, a side that has waited so long to be back at the big stage finally has this close opportunity. \n\nGet ready for waterfall tears!!!",
        "username": "BrandonCortesTV",
        "likes": 0,
        "retweets": 0
    },
    {
        "id": 1464290200725729288,
        "date": "2021-11-26 17:49:23+00:00",
        "content": "@totalcristiano always the strongest work, for the best in the world, the FIFA mafia does not know how to leave Cristino Ronaldo out of the World Cup, those evil-born 😡😡",
        "username": "RanflisR",
        "likes": 1,
        "retweets": 0
    },
    {
        "id": 1442619537573261314,
        "date": "2021-09-27 22:37:54+00:00",
        "content": "@5REALBDORS Más real no pudiste ser ✅✅✅✅✅✅✅✅✅✅ esos payasos de ESPN y Fox, son unas lacras 🤬🤬🤬 siempre buscando hasta lo mínimo para criticar a su Majestad Cristino Ronaldo, pero se les ve el refajo, ya que su hormonado le está haciendo quedar mal 🤣🤥🤥",
        "username": "RanflisR",
        "likes": 2,
        "retweets": 0
    },
    {
        "id": 1436720343507369992,
        "date": "2021-09-11 15:56:37+00:00",
        "content": "It’s the story that never seems to end. He’s young again. Cristino Ronaldo. We are all watching poetry in motion",
        "username": "brandmw_17",
        "likes": 0,
        "retweets": 0
    },
    {
        "id": 1385024519555870723,
        "date": "2021-04-22 00:15:52+00:00",
        "content": "También tienen Apalabrados a Messi y Cristino Ronaldo jajaja 😂 no sueñen con que irán a tigres Córdoba y Martín ellos se quedarán en el América \nUn saludo desde nuevo Laredo Tamaulipas Carnal",
        "username": "pablito0322",
        "likes": 1,
        "retweets": 0
    },
    {
        "id": 1321248135180554240,
        "date": "2020-10-28 00:31:17+00:00",
        "content": "I had a fucking nightmare last night that Cristino Ronaldo died of an overdose wtf",
        "username": "KareenDee",
        "likes": 0,
        "retweets": 0
    },
    {
        "id": 1294729048585887745,
        "date": "2020-08-15 20:13:54+00:00",
        "content": "The girls that cheat are the same ones that choose Messi over Cristino Ronaldo so please take a seat",
        "username": "JesusMar1998",
        "likes": 0,
        "retweets": 0
    },
    {
        "id": 1241827269208924160,
        "date": "2020-03-22 20:41:07+00:00",
        "content": "- Cristino Ronaldo : no salgan de casa  . Su casa / mi casa 😑 https://t.co/rsnWChzZMc",
        "username": "alaned_twit",
        "likes": 3,
        "retweets": 0
    },
    {
        "id": 1179530439167369217,
        "date": "2019-10-02 22:55:45+00:00",
        "content": "@elchiringuitotv @EduAguirre7 Un jugador top es determinante hasta caminando, tu amado Cristino  Ronaldo en un juego a veces toca la pelota 8 veces y mete un gol, así son los buenos jugadores su sola presencia pone nerviosos a los rivales",
        "username": "JRSR8",
        "likes": 0,
        "retweets": 0
    },
    {
        "id": 1094699928692187137,
        "date": "2019-02-10 20:49:36+00:00",
        "content": "Cristino Ronaldo en la Juve es solo para que la juve gane su primera champion quitándonos a nuestro goleador 😓 aun así extraño a cr7 por que la liga italiana francesa y alemana son aburridas si solo dos equipo tienen potencial y los otros no están a su nivel 😕",
        "username": "OnlyHumans07",
        "likes": 0,
        "retweets": 0
    },
    {
        "id": 1025473191156822016,
        "date": "2018-08-03 20:07:15+00:00",
        "content": "@alvaro8944 @OatmealCR7 @_xTR4CE_ @boner_9 Cristino Ronaldo 7",
        "username": "ManNyvalor",
        "likes": 0,
        "retweets": 0
    },
    {
        "id": 1017053729869258752,
        "date": "2018-07-11 14:31:19+00:00",
        "content": "Cristino Ronaldo es una máquina.",
        "username": "ya_bish18",
        "likes": 0,
        "retweets": 0
    },
    {
        "id": 1007710969236262913,
        "date": "2018-06-15 19:46:32+00:00",
        "content": "Cristino Ronaldo es de otra galaxia",
        "username": "asatomamusic",
        "likes": 0,
        "retweets": 0
    },
    {
        "id": 981261924242460673,
        "date": "2018-04-03 20:07:28+00:00",
        "content": "Cristino Ronaldo @Cristiano hazme 1,034,934,872 hijos que gol te acabas de chingar!!!!!!!! #Champions #CHAMPIONSxESPN #ChampionsxFOX",
        "username": "alex_villegas",
        "likes": 1,
        "retweets": 0
    },
    {
        "id": 938391344258490369,
        "date": "2017-12-06 12:55:05+00:00",
        "content": "Cristiano Ronaldo becomes father of a baby girl, announces news on Twitter - https://t.co/EkikgyYomj #CristinoRonaldo #Father #Baby #Girl #Surrogar #Mother",
        "username": "surrogate360",
        "likes": 0,
        "retweets": 0
    },
    {
        "id": 928506846608003073,
        "date": "2017-11-09 06:17:37+00:00",
        "content": "Quiero ser hija de Cristino Ronaldo",
        "username": "itsmecarolinavr",
        "likes": 0,
        "retweets": 0
    },
    {
        "id": 919944162232950784,
        "date": "2017-10-16 15:12:34+00:00",
        "content": "@lovely27394 Welcome aboard Cristino Ronaldo Fan!",
        "username": "OneLegSandpiper",
        "likes": 0,
        "retweets": 0
    },
    {
        "id": 863283354506014720,
        "date": "2017-05-13 06:42:45+00:00",
        "content": "Soy tú fans mi querido Cristino Ronaldo, sigue triunfando en el futbol qué tanto té apacionada. https://t.co/PP2RsrToid",
        "username": "alga8295",
        "likes": 0,
        "retweets": 0
    },
    {
        "id": 843971579432374275,
        "date": "2017-03-20 23:44:39+00:00",
        "content": "@locallink57 @90min_Football fromtownleychristi1------ I hope CRISTINO RONALDO -AND MARCUS could be back to old Trafford.",
        "username": "townleychristi1",
        "likes": 0,
        "retweets": 0
    },
    {
        "id": 763073701004836868,
        "date": "2016-08-09 18:05:22+00:00",
        "content": "Le joueur le plus cher de l'histoire du football Paul Pogba 116 millions d'euro. Devant Gareth Bale et Cristino Ronaldo. C'est fort !!",
        "username": "rostou",
        "likes": 0,
        "retweets": 3
    },
    {
        "id": 761354986085314561,
        "date": "2016-08-05 00:15:48+00:00",
        "content": "@garywoodley21fromtownleychristi1----  Wayne Rooney , David  Beckham, and Cristino  Ronaldo, are the best players",
        "username": "townleychristi1",
        "likes": 1,
        "retweets": 0
    },
    {
        "id": 755197202151182336,
        "date": "2016-07-19 00:26:58+00:00",
        "content": "fromtownleychristi1---I always loves  MAN. UTD. SINCE 1962--I also love CRISTINO RONALDO --MAN, UTD, DEF, WIGAN 2-0 FOR RYAN",
        "username": "townleychristi1",
        "likes": 0,
        "retweets": 0
    },
    {
        "id": 701524357990842368,
        "date": "2016-02-21 21:50:15+00:00",
        "content": "#Sinus #BaySaintLouis #Headache #LoseWeight #Herbalife #Nutrition #CristinoRonaldo #energy \nhttps://t.co/L5P55TdFU7 https://t.co/9wn74oiP3T",
        "username": "RodneyCorr",
        "likes": 1,
        "retweets": 0
    },
    {
        "id": 608075255584849920,
        "date": "2015-06-09 00:56:53+00:00",
        "content": "A parody account of Cristino Ronaldo followed me on Twitter...okay.",
        "username": "Liz_olsson",
        "likes": 0,
        "retweets": 0
    },
    {
        "id": 548904969236381697,
        "date": "2014-12-27 18:15:17+00:00",
        "content": "All these people getting that cristino ronaldo haircut😕",
        "username": "SB_carlos9",
        "likes": 0,
        "retweets": 0
    },
    {
        "id": 541327123798302721,
        "date": "2014-12-06 20:23:38+00:00",
        "content": "CRISTINO RONALDO 2-0",
        "username": "LR7dieguez",
        "likes": 0,
        "retweets": 0
    },
    {
        "id": 541315342703013888,
        "date": "2014-12-06 19:36:49+00:00",
        "content": "CRISTINO RONALDO 1-0",
        "username": "LR7dieguez",
        "likes": 0,
        "retweets": 0
    },
    {
        "id": 525695237289570304,
        "date": "2014-10-24 17:08:06+00:00",
        "content": "VIDEOS #ChampionsLeague #UCL #RealMadrid #CristinoRonaldo #JamesRodriguez #Champions https://t.co/49M0OWkU0i #ChampionsxFox #CHAMPIONSxESPN",
        "username": "NarremosFutbol",
        "likes": 0,
        "retweets": 0
    },
    {
        "id": 525423325044961281,
        "date": "2014-10-23 23:07:37+00:00",
        "content": "VIDEO VIDEOS DE LA #ChampionsLeague +  TOP 3 GOLAZOSSS https://t.co/49M0OWkU0i #RealMadrid #CristinoRonaldo #JamesRodriguez #Liverpool",
        "username": "NarremosFutbol",
        "likes": 0,
        "retweets": 0
    },
    {
        "id": 515873478290202624,
        "date": "2014-09-27 14:39:56+00:00",
        "content": "CRISTINO RONALDO 0-2",
        "username": "LR7dieguez",
        "likes": 0,
        "retweets": 0
    },
    {
        "id": 514885245871861760,
        "date": "2014-09-24 21:13:03+00:00",
        "content": "Cristino Ronaldo 3 matchs 8 buts didon c'est les abdos man",
        "username": "rostou",
        "likes": 0,
        "retweets": 0
    },
    {
        "id": 482216904862760961,
        "date": "2014-06-26 17:40:43+00:00",
        "content": "@coobsterr Cristino Ronaldo scored -_-",
        "username": "B0RI24",
        "likes": 0,
        "retweets": 0
    },
    {
        "id": 482216714919088128,
        "date": "2014-06-26 17:39:58+00:00",
        "content": "Si alguien puede anotar un gol en menos de 10 min es Cristino Ronaldo",
        "username": "SalvasTwittah",
        "likes": 0,
        "retweets": 0
    },
    {
        "id": 470304558179049472,
        "date": "2014-05-24 20:45:19+00:00",
        "content": "Venga Papa ronaldo #HalaMadridAPorLADecima @CristinoRonaldo",
        "username": "MichaelAlvinMc",
        "likes": 0,
        "retweets": 0
    },
    {
        "id": 460265329948508161,
        "date": "2014-04-27 03:53:00+00:00",
        "content": "@SportsCenter cristino Ronaldo from Real Madrid #SC3stars",
        "username": "babocha559",
        "likes": 0,
        "retweets": 0
    },
    {
        "id": 460119968873332736,
        "date": "2014-04-26 18:15:23+00:00",
        "content": "Game barely starts and cristino ronaldo scores xD yesss!!! Lets go hala madrid",
        "username": "Gabriel67199995",
        "likes": 0,
        "retweets": 0
    },
    {
        "id": 438771558119518208,
        "date": "2014-02-26 20:24:26+00:00",
        "content": "Buuuuu!!! Cristino Ronaldo ya falló 2 claras",
        "username": "SDjarillo",
        "likes": 0,
        "retweets": 0
    },
    {
        "id": 422808216934690816,
        "date": "2014-01-13 19:11:48+00:00",
        "content": "POR FIN GANA UN BALÓN DE ORO CRISTINO RONALDO AUN QUE YA TIENE UNO PERO IGUAL!! JAJAJAJA",
        "username": "_kkura_",
        "likes": 0,
        "retweets": 0
    },
    {
        "id": 422806959939547136,
        "date": "2014-01-13 19:06:49+00:00",
        "content": "Hella fucking yeah!!!!!!!! Cristino Ronaldo !!!!⚽️⚽️⚽️❤️❤️❤️",
        "username": "LuisLucho1017",
        "likes": 4,
        "retweets": 3
    },
    {
        "id": 390319853736710144,
        "date": "2013-10-16 03:34:39+00:00",
        "content": "@Javisness_Noble a Cristino Ronaldo y kaboom! Remontada en el ultimo minuto http://t.co/jgMzo3GSir",
        "username": "laloramos19",
        "likes": 0,
        "retweets": 0
    },
    {
        "id": 377606656533594112,
        "date": "2013-09-11 01:36:57+00:00",
        "content": "@MarcoEcm esq necesitaban una cara bonito en el campo como Portugal con Cristino Ronaldo hahaha",
        "username": "PadronOSO",
        "likes": 0,
        "retweets": 0
    },
    {
        "id": 309137948538986497,
        "date": "2013-03-06 03:06:45+00:00",
        "content": "Mi papi Cristino Ronaldo meterá un gol en los 4 de final y me lo dedicará ok no! #sevalesoñar",
        "username": "Soyyoabraham",
        "likes": 0,
        "retweets": 0
    },
    {
        "id": 292105749327409152,
        "date": "2013-01-18 03:06:52+00:00",
        "content": "@djschierisng @AthletesMind101 haha look at hulk, or cristino ronaldo ripped. and soccer players have fairly attractive wifes, girlfriends",
        "username": "SamuelSohlden",
        "likes": 0,
        "retweets": 0
    },
    {
        "id": 288455149700141057,
        "date": "2013-01-08 01:20:41+00:00",
        "content": "@record_mexico  atodar por messi pero selo melese mas cristino ronaldo  yo te apollo @",
        "username": "LunaEmgt",
        "likes": 0,
        "retweets": 0
    },
    {
        "id": 288139299017342976,
        "date": "2013-01-07 04:25:36+00:00",
        "content": "#mentionacutecouple me and cristino ronaldo",
        "username": "williamsjayme3",
        "likes": 0,
        "retweets": 0
    },
    {
        "id": 281930326610161665,
        "date": "2012-12-21 01:13:22+00:00",
        "content": "Cristino Ronaldo vuelve a Manchester para quedarse?",
        "username": "edpascualH",
        "likes": 0,
        "retweets": 0
    },
    {
        "id": 217836426929250305,
        "date": "2012-06-27 04:27:06+00:00",
        "content": "Omg Yessss \"@C_Dawwgyyy_Dawg: @Janelleeee_xoxo I would toataly kiss cristino ronaldo\"",
        "username": "sarahdominique_",
        "likes": 0,
        "retweets": 0
    },
    {
        "id": 193558141609324544,
        "date": "2012-04-21 04:33:51+00:00",
        "content": "¿ Si les dijera que tengo un look de Cristino Ronaldo me amarían más ?",
        "username": "RaulEmmanuelDM",
        "likes": 0,
        "retweets": 0
    },
    {
        "id": 179988194534756352,
        "date": "2012-03-14 17:51:44+00:00",
        "content": "@itsissyyy No, (; my name is Cristino Ronaldo ;D",
        "username": "RomerooCristian",
        "likes": 0,
        "retweets": 0
    },
    {
        "id": 146719679145189376,
        "date": "2011-12-13 22:34:32+00:00",
        "content": "que poca madre de cristino ronaldo twiteando que ganaron 2-0 a un equipo que en mi vida habia escuchado! ganale a los putos del barca coñiio",
        "username": "JuanJo_Teodoro",
        "likes": 0,
        "retweets": 0
    },
    {
        "id": 105334908750278656,
        "date": "2011-08-21 17:46:13+00:00",
        "content": "No entiendo cual es la necesidad de Cristino Ronaldo de estar tan buenisimo",
        "username": "maritza_deGRR",
        "likes": 0,
        "retweets": 0
    },
    {
        "id": 20537316082712576,
        "date": "2010-12-30 17:50:52+00:00",
        "content": "cristino ronaldo",
        "username": "alexuxxuxx",
        "likes": 0,
        "retweets": 0
    }
]